-- Initial setup data which you can insert to test rest response ---
INSERT INTO CURRENCY(CODE, DESCRIPTION) VALUES ('AUD','CURRENCY FOR AUSTRALIA');
INSERT INTO CURRENCY(CODE, DESCRIPTION) VALUES ('JPY','CURRENCY FOR JAPAN');
INSERT INTO CURRENCY(CODE, DESCRIPTION) VALUES ('NZD','CURRENCY FOR NEW ZEALAND');

INSERT INTO CUSTOMER (ID, NAME) VALUES (1001, 'JAXON');
INSERT INTO CUSTOMER (ID, NAME) VALUES (1002, 'ANTHONY');

INSERT INTO ACCOUNT (ID, CUSTOMER_ID, NAME, TYPE, CURRENCY)
        VALUES (2001, 1001, '1001-SAVINGS','SAVINGS', 'AUD');
INSERT INTO ACCOUNT (ID, CUSTOMER_ID, NAME, TYPE, CURRENCY)
        VALUES (2002, 1001, '1001-CURRENT','CURRENT', 'NZD');
INSERT INTO ACCOUNT (ID, CUSTOMER_ID, NAME, TYPE, CURRENCY)
        VALUES (2003, 1001, '1001-CHEQUE','CHEQUE', 'JPY');
INSERT INTO ACCOUNT (ID, CUSTOMER_ID, NAME, TYPE, CURRENCY)
        VALUES (2004, 1002, '1002-SAVINGS','CURRENT', 'AUD');


INSERT INTO TRANSACTION (ID,ACCOUNT_ID,VALUE_DATE,TYPE,AMOUNT, DESCRIPTION)
    VALUES(3001,2001, '2023-02-10','CREDIT',1000,'TEST DESC');
INSERT INTO TRANSACTION(ID,ACCOUNT_ID,VALUE_DATE,TYPE,AMOUNT, DESCRIPTION)
    VALUES(3002,2002, '2023-02-02','CREDIT',1000,'TEST DESC');
INSERT INTO TRANSACTION(ID,ACCOUNT_ID,VALUE_DATE,TYPE,AMOUNT, DESCRIPTION)
    VALUES(3003,2001, '2023-02-12','CREDIT',1000,'TEST DESC');
INSERT INTO TRANSACTION (ID,ACCOUNT_ID,VALUE_DATE,TYPE,AMOUNT, DESCRIPTION)
    VALUES(3004,2001, '2023-02-14','CREDIT',1000,'TEST DESC');
INSERT INTO TRANSACTION (ID,ACCOUNT_ID,VALUE_DATE,TYPE,AMOUNT, DESCRIPTION)
    VALUES(3005,2001, '2023-02-22','DEBIT',-2000,'TEST DESC');