

--Test data---


insert into CURRENCY(CODE, DESCRIPTION) values ('AUD','CURRENCY FOR AUSTRALIA');
insert into CURRENCY(CODE, DESCRIPTION) values ('JPY','CURRENCY FOR JAPAN');
insert into CURRENCY(CODE, DESCRIPTION) values ('NZD','CURRENCY FOR NEW ZEALAND');

insert into CUSTOMER (ID, NAME) values (1001, 'JAXON');
insert into CUSTOMER (ID, NAME) values (1002, 'ANTHONY');

insert into ACCOUNT (ID, CUSTOMER_ID, NAME, TYPE, CURRENCY)
        values (2001, 1001, '1001-SAVINGS','SAVINGS', 'AUD');
insert into ACCOUNT (ID, CUSTOMER_ID, NAME, TYPE, CURRENCY)
        values (2002, 1001, '1001-CURRENT','CURRENT', 'NZD');
insert into ACCOUNT (ID, CUSTOMER_ID, NAME, TYPE, CURRENCY)
        values (2003, 1001, '1001-CHEQUE','CHEQUE', 'JPY');
insert into ACCOUNT (ID, CUSTOMER_ID, NAME, TYPE, CURRENCY)
        values (2004, 1002, '1002-SAVINGS','CURRENT', 'AUD');


insert into TRANSACTION (ID,ACCOUNT_ID,VALUE_DATE,TYPE,AMOUNT, DESCRIPTION)
    values(3001,2001, '2023-02-10','CREDIT',1000,'TEST DESC');
insert into TRANSACTION(ID,ACCOUNT_ID,VALUE_DATE,TYPE,AMOUNT, DESCRIPTION)
    values(3002,2002, '2023-02-02','CREDIT',1000,'TEST DESC');
insert into TRANSACTION(ID,ACCOUNT_ID,VALUE_DATE,TYPE,AMOUNT, DESCRIPTION)
    values(3003,2001, '2023-02-12','CREDIT',1000,'TEST DESC');
insert into TRANSACTION (ID,ACCOUNT_ID,VALUE_DATE,TYPE,AMOUNT, DESCRIPTION)
    values(3004,2001, '2023-02-14','CREDIT',1000,'TEST DESC');
insert into TRANSACTION (ID,ACCOUNT_ID,VALUE_DATE,TYPE,AMOUNT, DESCRIPTION)
    values(3005,2001, '2023-02-22','DEBIT',-2000,'TEST DESC');